sprite,category,family,race,class,variant
angel_blue,monster,angel,,,blue
angel_brown,monster,angel,,,brown
angel_grey,monster,angel,,,grey
angel_grey2,monster,angel,,,grey
angel_orange,monster,angel,,,orange
angel_purple,monster,angel,,,purple
angel_red,monster,angel,,,red
angel_silver,monster,angel,,,silver
ant_black,monster,ant,,,black
ant_blue,monster,ant,,,blue
ant_brown,monster,ant,,,brown
ant_grey,monster,ant,,,grey
ant_orange,monster,ant,,,orange
ant_pink,monster,ant,,,pink
ant_red,monster,ant,,,red
ant_red2,monster,ant,,,red
ant_white,monster,ant,,,white
barbarian_fighter,character,barbarian,barbarian,barbarian,
barbarian_fighter2,character,barbarian,barbarian,barbarian,
barbarian_fighter3,character,barbarian,barbarian,barbarian,
barbarian_fighter4,character,barbarian,barbarian,barbarian,
barbarian_mage,character,barbarian,barbarian,barbarian,
barbarian_priest,character,barbarian,barbarian,barbarian,
basilisk_brown,monster,basilisk,,,brown
basilisk_green,monster,basilisk,,,green
basilisk_red,monster,basilisk,,,red
basilisk_silver,monster,basilisk,,,silver
bat_blue_tail,monster,bat,,,blue
bat_brown,monster,bat,,,brown
bat_grey,monster,bat,,,grey
bat_red_tail,monster,bat,,,red
bat_silver,monster,bat,,,silver
beetle_blue,monster,beetle,,,blue
beetle_brown,monster,beetle,,,brown
beetle_brown_stiped,monster,beetle,,,brown
beetle_grey_red,monster,beetle,,,grey_red
beetle_pink,monster,beetle,,,pink
beetle_red,monster,beetle,,,red
beetle_warrior,monster,beetle,,warrior,
beetle_white,monster,beetle,,,white
beetle_yellow,monster,beetle,,,yellow
black_bear,monster,black,,,black
brown_bear,monster,brown,,,brown
bug_blue,monster,bug,,,blue
bug_brown,monster,bug,,,brown
bug_green,monster,bug,,,green
bug_grey,monster,bug,,,grey
bug_long,monster,bug,,,
bug_red,monster,bug,,,red
bug_white,monster,bug,,,white
centipede_blue,monster,centipede,,,blue
centipede_blue_tentacles,monster,centipede,,,blue
centipede_brown,monster,centipede,,,brown
centipede_green_dark,monster,centipede,,,green_dark
centipede_green_tentacles,monster,centipede,,,green
centipede_green_tentacles2,monster,centipede,,,green
centipede_grey,monster,centipede,,,grey
centipede_pink,monster,centipede,,,pink
centipede_red,monster,centipede,,,red
centipede_red_tentacles,monster,centipede,,,red
centipede_silver,monster,centipede,,,silver
chicken1,monster,chicken,,,
chicken2,monster,chicken,,,
cow_left,monster,cow,,,
cow_right,monster,cow,,,
crawler_blue,monster,crawler,,,blue
crawler_blue_light,monster,crawler,,,blue_light
crawler_green,monster,crawler,,,green
crawler_grey,monster,crawler,,,grey
crawler_orange,monster,crawler,,,orange
crawler_red,monster,crawler,,,red
crawler_silver,monster,crawler,,,silver
crawler_white,monster,crawler,,,white
cube_gelatinous,monster,cube,,,
cyclops4_armed,monster,cyclops,,,
cyclops_fighter,monster,cyclops,,fighter,
cyclops_fighter2,monster,cyclops,,fighter,
cyclops_fighter3,monster,cyclops,,fighter,
cyclops_mage,monster,cyclops,,mage,
cyclops_mage2,monster,cyclops,,mage,
cyclops_priest,monster,cyclops,,priest,
demon_major_fighter,monster,demon,,fighter,
demon_major_fighter2,monster,demon,,fighter,
demon_major_fighter3,monster,demon,,fighter,
demon_major_lord,monster,demon,,,
demon_major_mage,monster,demon,,mage,
demon_major_priest,monster,demon,,priest,
demon_minor_fighter,monster,demon,,fighter,
demon_minor_fighter2,monster,demon,,fighter,
demon_minor_fighter3,monster,demon,,fighter,
demon_minor_fighter4,monster,demon,,fighter,
demon_minor_mage,monster,demon,,mage,
demon_minor_priest,monster,demon,,priest,
dinosaur_beast_brown,monster,dinosaur,,,brown
dinosaur_beast_brown2,monster,dinosaur,,,brown
dinosaur_beast_brown_light,monster,dinosaur,,,brown_light
dinosaur_beast_giant_brown,monster,dinosaur,,,brown
dinosaur_beast_giant_green,monster,dinosaur,,,green
dinosaur_beast_giant_grey,monster,dinosaur,,,grey
dinosaur_beast_giant_pink,monster,dinosaur,,,pink
dinosaur_beast_giant_red,monster,dinosaur,,,red
dinosaur_beast_giant_silver,monster,dinosaur,,,silver
dinosaur_beast_giant_yellow,monster,dinosaur,,,yellow
dinosaur_beast_grey,monster,dinosaur,,,grey
dinosaur_beast_pink,monster,dinosaur,,,pink
dinosaur_beast_red,monster,dinosaur,,,red
dinosaur_beast_red2,monster,dinosaur,,,red
dinosaur_beast_small_green,monster,dinosaur,,,green
dinosaur_beast_small_pink,monster,dinosaur,,,pink
dinosaur_beast_small_silver,monster,dinosaur,,,silver
dinosaur_beast_small_yellow,monster,dinosaur,,,yellow
dog_brown,monster,dog,,,brown
dog_dark_grey,monster,dog,,,dark_grey
dog_grey,monster,dog,,,grey
dog_orange,monster,dog,,,orange
dog_pink,monster,dog,,,pink
dog_white,monster,dog,,,white
dragon3_headed,monster,dragon,,,
dragon_adult_black,monster,dragon,,,black
dragon_adult_blue,monster,dragon,,,blue
dragon_adult_bronze,monster,dragon,,,bronze
dragon_adult_gold,monster,dragon,,,gold
dragon_adult_green,monster,dragon,,,green
dragon_adult_rainbow,monster,dragon,,,rainbow
dragon_adult_red,monster,dragon,,,red
dragon_adult_silver,monster,dragon,,,silver
dragon_ancient_black,monster,dragon,,,black
dragon_ancient_blue,monster,dragon,,,blue
dragon_ancient_blue_white,monster,dragon,,,blue_white
dragon_ancient_bronze,monster,dragon,,,bronze
dragon_ancient_gold,monster,dragon,,,gold
dragon_ancient_gold_white,monster,dragon,,,gold_white
dragon_ancient_green,monster,dragon,,,green
dragon_ancient_green_grey,monster,dragon,,,green_grey
dragon_ancient_lord_black,monster,dragon,,,black
dragon_ancient_lord_black_red,monster,dragon,,,black_red
dragon_ancient_lord_blue,monster,dragon,,,blue
dragon_ancient_lord_bronze,monster,dragon,,,bronze
dragon_ancient_lord_green,monster,dragon,,,green
dragon_ancient_lord_red,monster,dragon,,,red
dragon_ancient_lord_silver,monster,dragon,,,silver
dragon_ancient_lord_silver_red,monster,dragon,,,silver_red
dragon_ancient_purple_blue,monster,dragon,,,purple_blue
dragon_ancient_rainbow,monster,dragon,,,rainbow
dragon_ancient_red,monster,dragon,,,red
dragon_ancient_silver,monster,dragon,,,silver
dragon_ancient_white_gold,monster,dragon,,,white_gold
dragon_baby_black,monster,dragon,,,black
dragon_baby_blue,monster,dragon,,,blue
dragon_baby_bronze,monster,dragon,,,bronze
dragon_baby_gold,monster,dragon,,,gold
dragon_baby_green,monster,dragon,,,green
dragon_baby_rainbow,monster,dragon,,,rainbow
dragon_baby_red,monster,dragon,,,red
dragon_baby_silver,monster,dragon,,,silver
dragon_fly_black,monster,dragon,,,black
dragon_fly_green,monster,dragon,,,green
dragon_fly_orange,monster,dragon,,,orange
dragon_fly_pink,monster,dragon,,,pink
dragon_fly_white,monster,dragon,,,white
dragon_giant_bone,monster,dragon,,,
dragon_giant_bone_blue,monster,dragon,,,blue
dragon_giant_bone_green,monster,dragon,,,green
dragon_giant_bone_grey,monster,dragon,,,grey
dragon_giant_bone_grey_blue,monster,dragon,,,grey_blue
dragon_giant_bone_grey_green,monster,dragon,,,grey_green
dragon_giant_bone_grey_red,monster,dragon,,,grey_red
dragon_giant_bone_red,monster,dragon,,,red
dragon_man_black,monster,dragon,,,black
dragon_man_blue,monster,dragon,,,blue
dragon_man_bronze,monster,dragon,,,bronze
dragon_man_gold,monster,dragon,,,gold
dragon_man_green,monster,dragon,,,green
dragon_man_rainbow,monster,dragon,,,rainbow
dragon_man_red,monster,dragon,,,red
dragon_man_silver,monster,dragon,,,silver
dragon_spirit,monster,dragon,,,
dragon_young_black,monster,dragon,,,black
dragon_young_blue,monster,dragon,,,blue
dragon_young_bronze,monster,dragon,,,bronze
dragon_young_gold,monster,dragon,,,gold
dragon_young_green,monster,dragon,,,green
dragon_young_rainbow,monster,dragon,,,rainbow
dragon_young_red,monster,dragon,,,red
dragon_young_silver,monster,dragon,,,silver
drake_giant_black,monster,drake,,,black
drake_giant_blue,monster,drake,,,blue
drake_giant_bronze,monster,drake,,,bronze
drake_giant_grey,monster,drake,,,grey
drake_giant_red,monster,drake,,,red
drake_giant_red2,monster,drake,,,red
drake_giant_white,monster,drake,,,white
drake_spirit,monster,drake,,,
eagle,monster,eagle,,,
eagle2_headed,monster,eagle,,,
eagle_hound_black,monster,eagle,,,black
eagle_hound_blue,monster,eagle,,,blue
eagle_hound_brown,monster,eagle,,,brown
eagle_hound_gold,monster,eagle,,,gold
eagle_hound_green_dark,monster,eagle,,,green_dark
eagle_hound_grey,monster,eagle,,,grey
eagle_hound_grey2,monster,eagle,,,grey
eagle_hound_grey3,monster,eagle,,,grey
eagle_hound_orange,monster,eagle,,,orange
eagle_hound_pink,monster,eagle,,,pink
eagle_hound_pink2,monster,eagle,,,pink
eagle_hound_pink_light,monster,eagle,,,pink_light
eagle_hound_purple,monster,eagle,,,purple
eagle_hound_purple_light,monster,eagle,,,purple_light
eagle_hound_rainbow,monster,eagle,,,rainbow
eagle_hound_red,monster,eagle,,,red
eagle_hound_silver,monster,eagle,,,silver
eagle_hound_teal,monster,eagle,,,teal
eagle_hound_teal_light,monster,eagle,,,teal_light
eagle_hound_white,monster,eagle,,,white
elemental_air,monster,elemental,,,
elemental_earth,monster,elemental,,,
elemental_fire,monster,elemental,,,
elemental_stone,monster,elemental,,,stone
elemental_void,monster,elemental,,,
elemental_water,monster,elemental,,,
elemental_water2,monster,elemental,,,
elf_dark_assasin,character,elf,elf,assasin,dark
elf_dark_figher4,character,elf,elf,figher,dark
elf_dark_fighter,character,elf,elf,fighter,dark
elf_dark_fighter13,character,elf,elf,fighter,dark
elf_dark_fighter2,character,elf,elf,fighter,dark
elf_dark_fighter3,character,elf,elf,fighter,dark
elf_dark_fighter5,character,elf,elf,fighter,dark
elf_dark_fighter6,character,elf,elf,fighter,dark
elf_dark_fighter7,character,elf,elf,fighter,dark
elf_dark_fighter8,character,elf,elf,fighter,dark
elf_dark_lord,npc,elf,elf,,dark
elf_dark_mage,character,elf,elf,mage,dark
elf_dark_mage10,character,elf,elf,mage,dark
elf_dark_mage11,character,elf,elf,mage,dark
elf_dark_mage2,character,elf,elf,mage,dark
elf_dark_mage3,character,elf,elf,mage,dark
elf_dark_mage4,character,elf,elf,mage,dark
elf_dark_mage5,character,elf,elf,mage,dark
elf_dark_mage6,character,elf,elf,mage,dark
elf_dark_mage7,character,elf,elf,mage,dark
elf_dark_mage8,character,elf,elf,mage,dark
elf_dark_mage9,character,elf,elf,mage,dark
elf_dark_old,npc,elf,elf,,dark
elf_dark_paladin,character,elf,elf,paladin,dark
elf_dark_priest,character,elf,elf,priest,dark
elf_dark_priest2,character,elf,elf,priest,dark
elf_dark_thief,character,elf,elf,thief,dark
elf_dark_thief2,character,elf,elf,thief,dark
female_druid01,character,female,female,druid,
female_druid02,character,female,female,druid,
female_fighter01,character,female,female,fighter,
female_fighter02,character,female,female,fighter,
female_fighter03,character,female,female,fighter,
female_mage01,character,female,female,mage,
female_mage02,character,female,female,mage,
female_paladin01,character,female,female,paladin,
female_paladin02,character,female,female,paladin,
female_priest01,character,female,female,priest,
female_priest02,character,female,female,priest,
female_ranger01,character,female,female,ranger,
female_ranger02,character,female,female,ranger,
female_thief01,character,female,female,thief,
female_thief02,character,female,female,thief,
floating_eye6_eyed,monster,floating,,,
floating_eye_blue,monster,floating,,,blue
floating_eye_green,monster,floating,,,green
floating_eye_grey,monster,floating,,,grey
floating_eye_red,monster,floating,,,red
floating_eye_tentacled,monster,floating,,,
floating_eye_tentacled3_eyes,monster,floating,,,
floating_eye_tentacled4_eyes,monster,floating,,,
floating_eye_tentacled6_eyes,monster,floating,,,
floating_eye_yellow,monster,floating,,,yellow
fly,monster,fly,,,
fly_carrion,monster,fly,,,
frog_giant_green,monster,frog,,,green
frog_giant_pink,monster,frog,,,pink
gargoyle_brown,monster,gargoyle,,,brown
gargoyle_red,monster,gargoyle,,,red
genie,monster,genie,,,
ghost2_grey,monster,ghost,,,grey
ghost2_grey_red,monster,ghost,,,grey_red
ghost3_blue,monster,ghost,,,blue
ghost3_grey,monster,ghost,,,grey
ghost3_pink,monster,ghost,,,pink
ghost_black,monster,ghost,,,black
ghost_blue,monster,ghost,,,blue
ghost_green,monster,ghost,,,green
ghost_grey,monster,ghost,,,grey
ghost_orange,monster,ghost,,,orange
ghost_purple,monster,ghost,,,purple
ghost_red,monster,ghost,,,red
giant_cloud,monster,giant,,,
giant_fire,monster,giant,,,
giant_frost,monster,giant,,,
giant_hill,monster,giant,,,
giant_storm,monster,giant,,,
giant_titan_greater,monster,giant,,,
giant_titan_lesser,monster,giant,,,
giant_two_headed,monster,giant,,,
gnome3,npc,gnome,gnome,,
gnome_fighter,character,gnome,gnome,fighter,
gnome_fighter10,character,gnome,gnome,fighter,
gnome_fighter2,character,gnome,gnome,fighter,
gnome_fighter3,character,gnome,gnome,fighter,
gnome_fighter4,character,gnome,gnome,fighter,
gnome_fighter5,character,gnome,gnome,fighter,
gnome_fighter6,character,gnome,gnome,fighter,
gnome_fighter7,character,gnome,gnome,fighter,
gnome_fighter8,character,gnome,gnome,fighter,
gnome_fighter9,character,gnome,gnome,fighter,
gnome_mage,character,gnome,gnome,mage,
gnome_mage10,character,gnome,gnome,mage,
gnome_mage12,character,gnome,gnome,mage,
gnome_mage15,character,gnome,gnome,mage,
gnome_mage16,character,gnome,gnome,mage,
gnome_mage2,character,gnome,gnome,mage,
gnome_mage3,character,gnome,gnome,mage,
gnome_mage4,character,gnome,gnome,mage,
gnome_mage5,character,gnome,gnome,mage,
gnome_mage6,character,gnome,gnome,mage,
gnome_mage7,character,gnome,gnome,mage,
gnome_mage8,character,gnome,gnome,mage,
gnome_mage9,character,gnome,gnome,mage,
gnome_priest,character,gnome,gnome,priest,
gnome_priest2,character,gnome,gnome,priest,
gnome_priest3,character,gnome,gnome,priest,
gnome_thief,character,gnome,gnome,thief,
golem_blue,monster,golem,,,blue
golem_brown,monster,golem,,,brown
golem_brown_caped,monster,golem,,,brown
golem_brown_stick,monster,golem,,,brown
golem_dragon_grey,monster,golem,,,grey
golem_dragon_red,monster,golem,,,red
golem_electric,monster,golem,,,
golem_grey,monster,golem,,,grey
golem_grey_clothed,monster,golem,,,grey
golem_grey_stick,monster,golem,,,grey
golem_teal,monster,golem,,,teal
grass_killer,monster,grass,,,
gray_wolf,monster,gray,,,gray
grey_ones_fighter,monster,grey,,fighter,grey
grey_ones_fighter2,monster,grey,,fighter,grey
grey_ones_fighter3,monster,grey,,fighter,grey
grey_ones_mage,monster,grey,,mage,grey
grey_ones_mage2,monster,grey,,mage,grey
grey_ones_mage3,monster,grey,,mage,grey
grizzly_bear,monster,grizzly,,,
gryphon,monster,gryphon,,,
gryphon_brown,monster,gryphon,,,brown
gryphon_red,monster,gryphon,,,red
half_ogre_fighter,character,half,half,fighter,
half_ogre_fighter10,character,half,half,fighter,
half_ogre_fighter13,character,half,half,fighter,
half_ogre_fighter2,character,half,half,fighter,
half_ogre_fighter3,character,half,half,fighter,
half_ogre_fighter4,character,half,half,fighter,
half_ogre_mage,character,half,half,mage,
half_ogre_mage2,character,half,half,mage,
half_ogre_mage3,character,half,half,mage,
half_ogre_priest,character,half,half,priest,
half_ogre_priest3,character,half,half,priest,
halfling_fighter,character,halfling,halfling,fighter,
halfling_fighter2,character,halfling,halfling,fighter,
halfling_fighter3,character,halfling,halfling,fighter,
halfling_fighter7,character,halfling,halfling,fighter,
halfling_mage,character,halfling,halfling,mage,
halfling_mage2,character,halfling,halfling,mage,
halfling_mage3,character,halfling,halfling,mage,
halfling_mage4,character,halfling,halfling,mage,
halfling_mage5,character,halfling,halfling,mage,
halfling_priest,character,halfling,halfling,priest,
halfling_priest2,character,halfling,halfling,priest,
halfling_thief,character,halfling,halfling,thief,
horse01,monster,horse,,,
horse02,monster,horse,,,
horse03,monster,horse,,,
human_archer,character,human,human,archer,
human_druid01,character,human,human,druid,
human_druid02,character,human,human,druid,
human_druid03,character,human,human,druid,
human_druid04,character,human,human,druid,
human_druid05,character,human,human,druid,
human_druid06,character,human,human,druid,
human_druid07,character,human,human,druid,
human_druid08,character,human,human,druid,
human_druid31,character,human,human,druid,
human_druid32,character,human,human,druid,
human_fighter,character,human,human,fighter,
human_fighter10,character,human,human,fighter,
human_fighter11,character,human,human,fighter,
human_fighter12,character,human,human,fighter,
human_fighter13,character,human,human,fighter,
human_fighter14,character,human,human,fighter,
human_fighter15,character,human,human,fighter,
human_fighter16,character,human,human,fighter,
human_fighter2,character,human,human,fighter,
human_fighter21,character,human,human,fighter,
human_fighter22,character,human,human,fighter,
human_fighter3,character,human,human,fighter,
human_fighter31,character,human,human,fighter,
human_fighter32,character,human,human,fighter,
human_fighter33,character,human,human,fighter,
human_fighter34,character,human,human,fighter,
human_fighter35,character,human,human,fighter,
human_fighter36,character,human,human,fighter,
human_fighter5,character,human,human,fighter,
human_fighter6,character,human,human,fighter,
human_fighter7,character,human,human,fighter,
human_fighter8,character,human,human,fighter,
human_fighter9,character,human,human,fighter,
human_mage,character,human,human,mage,
human_mage10,character,human,human,mage,
human_mage11,character,human,human,mage,
human_mage12,character,human,human,mage,
human_mage13,character,human,human,mage,
human_mage14,character,human,human,mage,
human_mage15,character,human,human,mage,
human_mage18,character,human,human,mage,
human_mage19,character,human,human,mage,
human_mage2,character,human,human,mage,
human_mage20,character,human,human,mage,
human_mage3,character,human,human,mage,
human_mage31,character,human,human,mage,
human_mage32,character,human,human,mage,
human_mage33,character,human,human,mage,
human_mage34,character,human,human,mage,
human_mage35,character,human,human,mage,
human_mage36,character,human,human,mage,
human_mage4,character,human,human,mage,
human_mage5,character,human,human,mage,
human_mage6,character,human,human,mage,
human_mage7,character,human,human,mage,
human_mage8,character,human,human,mage,
human_mage9,character,human,human,mage,
human_paladin,character,human,human,paladin,
human_priest,character,human,human,priest,
human_priest01,character,human,human,priest,
human_priest02,character,human,human,priest,
human_priest03,character,human,human,priest,
human_priest04,character,human,human,priest,
human_priest2,character,human,human,priest,
human_priest20,character,human,human,priest,
human_priest3,character,human,human,priest,
human_priest31,character,human,human,priest,
human_priest32,character,human,human,priest,
human_priest33,character,human,human,priest,
human_priest34,character,human,human,priest,
human_priest35,character,human,human,priest,
human_priest4,character,human,human,priest,
human_priest9,character,human,human,priest,
human_ranger31,character,human,human,ranger,
human_thief,character,human,human,thief,
human_thief2,character,human,human,thief,
human_thief3,character,human,human,thief,
human_thief4,character,human,human,thief,
human_thief6,character,human,human,thief,
human_thief7,character,human,human,thief,
human_thief8,character,human,human,thief,
hydra10_head_red,monster,hydra,,,red
hydra2_head_brown,monster,hydra,,,brown
hydra3_head_red,monster,hydra,,,red
hydra4_head_grey,monster,hydra,,,grey
hydra5_eyed_white,monster,hydra,,,white
hydra6_head_yellow,monster,hydra,,,yellow
hydra7_head_grey,monster,hydra,,,grey
hydra8_head_purple,monster,hydra,,,purple
hydra9_head_green,monster,hydra,,,green
hydra9_headed_green,monster,hydra,,,green
imp,monster,imp,,,
imp_fighter,monster,imp,,fighter,
imp_fighter2,monster,imp,,fighter,
imp_fighter4,monster,imp,,fighter,
imp_mage,monster,imp,,mage,
imp_mage2,monster,imp,,mage,
imp_priest,monster,imp,,priest,
jellyfish_blue,monster,jellyfish,,,blue
jellyfish_brown,monster,jellyfish,,,brown
jellyfish_green,monster,jellyfish,,,green
jellyfish_grey,monster,jellyfish,,,grey
jellyfish_grey2,monster,jellyfish,,,grey
jellyfish_orange,monster,jellyfish,,,orange
jellyfish_orange2,monster,jellyfish,,,orange
jellyfish_pink,monster,jellyfish,,,pink
jellyfish_pink2,monster,jellyfish,,,pink
jellyfish_purple,monster,jellyfish,,,purple
jellyfish_red,monster,jellyfish,,,red
jellyfish_teal,monster,jellyfish,,,teal
jellyfish_white2,monster,jellyfish,,,white
jellyfish_yellow,monster,jellyfish,,,yellow
jellyfish_yellow2,monster,jellyfish,,,yellow
kobold_fighter,monster,kobold,kobold,fighter,
kobold_fighter10,monster,kobold,kobold,fighter,
kobold_fighter2,monster,kobold,kobold,fighter,
kobold_fighter3,monster,kobold,kobold,fighter,
kobold_fighter4,monster,kobold,kobold,fighter,
kobold_large,monster,kobold,kobold,,
kobold_mage,monster,kobold,kobold,mage,
kobold_mage2,monster,kobold,kobold,mage,
kobold_mage3,monster,kobold,kobold,mage,
kobold_medium,monster,kobold,kobold,,
kobold_priest,monster,kobold,kobold,priest,
kobold_small,monster,kobold,kobold,,
living_mound_brown,monster,living,,,brown
living_mound_brown_green,monster,living,,,brown_green
living_mound_flesh,monster,living,,,
living_mound_green,monster,living,,,green
living_mound_green_brown,monster,living,,,green_brown
living_mound_light_green,monster,living,,,light_green
living_mound_magenta,monster,living,,,magenta
living_mound_orange,monster,living,,,orange
living_mound_red,monster,living,,,red
living_mound_teal,monster,living,,,teal
lizard_brown,monster,lizard,,,brown
lizard_green,monster,lizard,,,green
lizard_grey,monster,lizard,,,grey
lizard_red,monster,lizard,,,red
lizard_striped,monster,lizard,,,
medusa,monster,medusa,,,
mold_blue,monster,mold,,,blue
mold_blue_dark,monster,mold,,,blue_dark
mold_blue_grey,monster,mold,,,blue_grey
mold_bown_dark,monster,mold,,,dark
mold_brown,monster,mold,,,brown
mold_green,monster,mold,,,green
mold_green_dark,monster,mold,,,green_dark
mold_grey,monster,mold,,,grey
mold_purple,monster,mold,,,purple
mold_purple_dark,monster,mold,,,purple_dark
mold_red,monster,mold,,,red
mold_red_light,monster,mold,,,red_light
mule,monster,mule,,,
mummy_green,monster,mummy,,,green
mummy_grey,monster,mummy,,,grey
mummy_pink,monster,mummy,,,pink
mummy_purple,monster,mummy,,,purple
mummy_red,monster,mummy,,,red
mummy_teal,monster,mummy,,,teal
mummy_white,monster,mummy,,,white
mummy_yellow,monster,mummy,,,yellow
mushrooms_black,monster,mushrooms,,,black
mushrooms_gold,monster,mushrooms,,,gold
mushrooms_green,monster,mushrooms,,,green
mushrooms_green_blue,monster,mushrooms,,,green_blue
mushrooms_grey,monster,mushrooms,,,grey
mushrooms_pink,monster,mushrooms,,,pink
mushrooms_purple,monster,mushrooms,,,purple
ninja,monster,ninja,,ninja,
ogre_black,monster,ogre,ogre,,black
ogre_brown,monster,ogre,ogre,,brown
ogre_lord,monster,ogre,ogre,,
ogre_mage,monster,ogre,ogre,mage,
ogre_primitive,monster,ogre,ogre,,
ooze_black,monster,ooze,,,black
ooze_blue,monster,ooze,,,blue
ooze_brown,monster,ooze,,,brown
ooze_green,monster,ooze,,,green
ooze_grey,monster,ooze,,,grey
orc,monster,orc,orc,,
orc_club,monster,orc,orc,,
orc_fighter,monster,orc,orc,fighter,
orc_fighter2,monster,orc,orc,fighter,
orc_fighter3,monster,orc,orc,fighter,
orc_fighter4,monster,orc,orc,fighter,
orc_fighter5,monster,orc,orc,fighter,
orc_fighter6,monster,orc,orc,fighter,
orc_fighter7,monster,orc,orc,fighter,
orc_fighter8,monster,orc,orc,fighter,
orc_green_fighter,monster,orc,orc,fighter,green
orc_grey_fighter,monster,orc,orc,fighter,grey
orc_grey_fighter2,monster,orc,orc,fighter,grey
orc_grey_fighter4,monster,orc,orc,fighter,grey
orc_grey_mage,monster,orc,orc,mage,grey
orc_guard,monster,orc,orc,,
orc_mage,monster,orc,orc,mage,
orc_mage2,monster,orc,orc,mage,
orc_priest,monster,orc,orc,priest,
orc_red,monster,orc,orc,,red
orc_red_fighter,monster,orc,orc,fighter,red
orc_red_fighter3,monster,orc,orc,fighter,red
orc_red_king,monster,orc,orc,,red
people01,npc,people,people,,
people02,npc,people,people,,
people03,npc,people,people,,
people04,npc,people,people,,
people05,npc,people,people,,
people06,npc,people,people,,
people_beggar,npc,people,people,,
people_blond,npc,people,people,,
people_bodybuilder,npc,people,people,,
people_child,npc,people,people,,
people_drunk,npc,people,people,,
people_farmer,npc,people,people,,
people_guard,npc,people,people,,
people_hunchback,npc,people,people,,
people_hunchback_grey,npc,people,people,,grey
people_hunchback_red,npc,people,people,,red
people_jester,npc,people,people,,
phantom_eye,monster,phantom,,,
phantom_hand,monster,phantom,,,
phantom_skull,monster,phantom,,,
pheonix,monster,pheonix,,,
race10_fighter,character,race,race,fighter,
race10_fighter2,character,race,race,fighter,
race10_fighter3,character,race,race,fighter,
race10_fighter4,character,race,race,fighter,
race10_mage,character,race,race,mage,
race10_mage2,character,race,race,mage,
race10_mage3,character,race,race,mage,
race10_priest,character,race,race,priest,
race11_fighter,character,race,race,fighter,
race11_fighter2,character,race,race,fighter,
race11_fighter3,character,race,race,fighter,
race11_fighter4,character,race,race,fighter,
race11_fighter5,character,race,race,fighter,
race11_mage,character,race,race,mage,
race11_priest,character,race,race,priest,
race12_fighter,character,race,race,fighter,
race12_fighter2,character,race,race,fighter,
race12_fighter3,character,race,race,fighter,
race12_fighter4,character,race,race,fighter,
race12_mage,character,race,race,mage,
race12_priest,character,race,race,priest,
race13_fighter1,character,race,race,fighter,
race13_fighter2,character,race,race,fighter,
race13_fighter3,character,race,race,fighter,
race13_fighter5,character,race,race,fighter,
race13_fighter6,character,race,race,fighter,
race13_fighter8,character,race,race,fighter,
race13_mage,character,race,race,mage,
race13_mage2,character,race,race,mage,
race13_mage3,character,race,race,mage,
race13_mage4,character,race,race,mage,
race13_mage5,character,race,race,mage,
race13_mage6,character,race,race,mage,
race13_mage8,character,race,race,mage,
race13_priest,character,race,race,priest,
race14_grey,npc,race,race,,grey
race14_red,npc,race,race,,red
race14_yellow,npc,race,race,,yellow
race1_fighter,character,race,race,fighter,
race1_fighter2,character,race,race,fighter,
race1_fighter3,character,race,race,fighter,
race1_fighter4,character,race,race,fighter,
race1_mage,character,race,race,mage,
race1_mage2,character,race,race,mage,
race1_mage3,character,race,race,mage,
race1_mage4,character,race,race,mage,
race1_mage5,character,race,race,mage,
race1_mage6,character,race,race,mage,
race1_priest,character,race,race,priest,
race1_priest2,character,race,race,priest,
race2_fighter,character,race,race,fighter,
race2_fighter2,character,race,race,fighter,
race2_fighter3,character,race,race,fighter,
race2_fighter4,character,race,race,fighter,
race2_mage,character,race,race,mage,
race2_mage2,character,race,race,mage,
race2_mage3,character,race,race,mage,
race2_mage4,character,race,race,mage,
race2_mage5,character,race,race,mage,
race2_mage6,character,race,race,mage,
race2_priest,character,race,race,priest,
race2_priest2,character,race,race,priest,
race3_fighter,character,race,race,fighter,
race3_fighter2,character,race,race,fighter,
race3_fighter3,character,race,race,fighter,
race3_mage,character,race,race,mage,
race3_mage2,character,race,race,mage,
race3_priest,character,race,race,priest,
race4_fighter,character,race,race,fighter,
race4_fighter2,character,race,race,fighter,
race4_fighter3,character,race,race,fighter,
race4_fighter4,character,race,race,fighter,
race4_mage,character,race,race,mage,
race4_mage2,character,race,race,mage,
race5_fighter,character,race,race,fighter,
race5_fighter2,character,race,race,fighter,
race5_fighter3,character,race,race,fighter,
race5_fighter4,character,race,race,fighter,
race6_fighter,character,race,race,fighter,
race6_fighter2,character,race,race,fighter,
race6_fighter3,character,race,race,fighter,
race6_fighter4,character,race,race,fighter,
race6_mage,character,race,race,mage,
race6_priest,character,race,race,priest,
race7_fighter,character,race,race,fighter,
race7_fighter2,character,race,race,fighter,
race8_fighter,character,race,race,fighter,
race8_fighter2,character,race,race,fighter,
race8_fighter3,character,race,race,fighter,
race8_fighter4,character,race,race,fighter,
race8_fighter5,character,race,race,fighter,
race8_fighter6,character,race,race,fighter,
race8_fighter7,character,race,race,fighter,
race8_mage,character,race,race,mage,
race8_mage2,character,race,race,mage,
race8_mage5,character,race,race,mage,
race8_priest,character,race,race,priest,
race9_angel,npc,race,race,,
race9_fighter,character,race,race,fighter,
race9_mage,character,race,race,mage,
race9_mage2,character,race,race,mage,
race9_mage3,character,race,race,mage,
race9_priest,character,race,race,priest,
rat_brown_dark,monster,rat,,,brown_dark
rat_brown_light,monster,rat,,,brown_light
rat_grey,monster,rat,,,grey
rat_white,monster,rat,,,white
rocks,monster,rocks,,,
scorpion_black,monster,scorpion,,,black
scorpion_blue,monster,scorpion,,,blue
scorpion_brown,monster,scorpion,,,brown
scorpion_green_yellow,monster,scorpion,,,green_yellow
scorpion_grey,monster,scorpion,,,grey
scorpion_pink,monster,scorpion,,,pink
serpent,monster,serpent,,,
skeleton,monster,skeleton,,,
skeleton2,monster,skeleton,,,
skeleton3,monster,skeleton,,,
skeleton4,monster,skeleton,,,
skeleton5,monster,skeleton,,,
skeleton6,monster,skeleton,,,
skeleton7,monster,skeleton,,,
skeleton_demon,monster,skeleton,,,
skeleton_demon_fighter,monster,skeleton,,fighter,
skeleton_fighter,monster,skeleton,,fighter,
skeleton_fighter10,monster,skeleton,,fighter,
skeleton_fighter11,monster,skeleton,,fighter,
skeleton_fighter12,monster,skeleton,,fighter,
skeleton_fighter13,monster,skeleton,,fighter,
skeleton_fighter2,monster,skeleton,,fighter,
skeleton_fighter3,monster,skeleton,,fighter,
skeleton_fighter4,monster,skeleton,,fighter,
skeleton_fighter5,monster,skeleton,,fighter,
skeleton_fighter6,monster,skeleton,,fighter,
skeleton_fighter7,monster,skeleton,,fighter,
skeleton_fighter8,monster,skeleton,,fighter,
skeleton_fighter9,monster,skeleton,,fighter,
skeleton_fighter_lord1,monster,skeleton,,fighter,
skeleton_fighter_lord2,monster,skeleton,,fighter,
skeleton_fighter_lord3,monster,skeleton,,fighter,
skeleton_fighter_lord4,monster,skeleton,,fighter,
skeleton_fighter_lord5,monster,skeleton,,fighter,
skeleton_king,monster,skeleton,,,
skeleton_mage,monster,skeleton,,mage,
skeleton_mage1,monster,skeleton,,mage,
skeleton_mage2,monster,skeleton,,mage,
skeleton_mage3,monster,skeleton,,mage,
skeleton_mage_lord1,monster,skeleton,,mage,
smithy01,monster,smithy,,,
snake_blue,monster,snake,,,blue
snake_brown,monster,snake,,,brown
snake_cobra_brown,monster,snake,,,brown
snake_cobra_dark_green,monster,snake,,,dark_green
snake_cobra_green,monster,snake,,,green
snake_cobra_green2,monster,snake,,,green
snake_cobra_grey,monster,snake,,,grey
snake_cobra_grey2,monster,snake,,,grey
snake_cobra_red,monster,snake,,,red
snake_green,monster,snake,,,green
snake_grey,monster,snake,,,grey
snake_orange,monster,snake,,,orange
snake_pink,monster,snake,,,pink
snake_red2_headed,monster,snake,,,red
snake_silver,monster,snake,,,silver
snake_silver2,monster,snake,,,silver
snake_white,monster,snake,,,white
snake_white2,monster,snake,,,white
snake_yellow,monster,snake,,,yellow
snake_yellow2,monster,snake,,,yellow
spectre_black,monster,spectre,,,black
spectre_blue,monster,spectre,,,blue
spectre_green,monster,spectre,,,green
spectre_orange,monster,spectre,,,orange
spectre_purple,monster,spectre,,,purple
spectre_red,monster,spectre,,,red
spectre_silver,monster,spectre,,,silver
spider_black,monster,spider,,,black
spider_blue,monster,spider,,,blue
spider_giant_grey,monster,spider,,,grey
spider_giant_red,monster,spider,,,red
spider_gold,monster,spider,,,gold
spider_green,monster,spider,,,green
spider_purple,monster,spider,,,purple
spider_red,monster,spider,,,red
spider_red2,monster,spider,,,red
spirit_air,monster,spirit,,,
spirit_brown,monster,spirit,,,brown
spirit_brown_light,monster,spirit,,,brown_light
spirit_earth,monster,spirit,,,
spirit_fire,monster,spirit,,,
spirit_green,monster,spirit,,,green
spirit_grey_dark,monster,spirit,,,grey_dark
spirit_grey_light,monster,spirit,,,grey_light
spirit_orange,monster,spirit,,,orange
spirit_pink,monster,spirit,,,pink
spirit_purple,monster,spirit,,,purple
spirit_red,monster,spirit,,,red
spirit_water,monster,spirit,,,
spirit_water2,monster,spirit,,,
spirit_white,monster,spirit,,,white
spirit_yello_brown,monster,spirit,,,yello_brown
sprite_fire,monster,sprite,,,
sprite_water,monster,sprite,,,
trickster_black,monster,trickster,,,black
trickster_blue,monster,trickster,,,blue
trickster_brown,monster,trickster,,,brown
trickster_green,monster,trickster,,,green
trickster_mage,monster,trickster,,mage,
trickster_purple_mage,monster,trickster,,mage,purple
trickster_purple_mage2,monster,trickster,,mage,purple
trickster_red,monster,trickster,,,red
troll_dark,monster,troll,troll,,dark
troll_fighter,monster,troll,troll,fighter,
troll_fighter2,monster,troll,troll,fighter,
troll_fighter3,monster,troll,troll,fighter,
troll_fighter4,monster,troll,troll,fighter,
troll_fire,monster,troll,troll,,
troll_grey,monster,troll,troll,,grey
troll_king,monster,troll,troll,,
troll_mage,monster,troll,troll,mage,
troll_mage2,monster,troll,troll,mage,
troll_priest,monster,troll,troll,priest,
troll_priest2,monster,troll,troll,priest,
troll_primitive,monster,troll,troll,,
troll_primitive2,monster,troll,troll,,
troll_primitive3,monster,troll,troll,,
troll_primitive4,monster,troll,troll,,
troll_primitive_fighter,monster,troll,troll,fighter,
troll_water,monster,troll,troll,,
troll_wraith,monster,troll,troll,,
troll_zombie,monster,troll,troll,,
turtle_blue,monster,turtle,,,blue
turtle_brown,monster,turtle,,,brown
turtle_green,monster,turtle,,,green
turtle_grey,monster,turtle,,,grey
turtle_pink,monster,turtle,,,pink
turtle_yellow,monster,turtle,,,yellow
unique1,monster,unique,,,
unique10,monster,unique,,,
unique11,monster,unique,,,
unique12,monster,unique,,,
unique13,monster,unique,,,
unique14,monster,unique,,,
unique15,monster,unique,,,
unique16,monster,unique,,,
unique17,monster,unique,,,
unique18,monster,unique,,,
unique19,monster,unique,,,
unique2,monster,unique,,,
unique20,monster,unique,,,
unique21,monster,unique,,,
unique3,monster,unique,,,
unique4,monster,unique,,,
unique5,monster,unique,,,
unique6,monster,unique,,,
unique7,monster,unique,,,
unique8,monster,unique,,,
unique9,monster,unique,,,
vampire2,monster,vampire,,,
vampire3,monster,vampire,,,
vampire4,monster,vampire,,,
vampire_blue,monster,vampire,,,blue
vampire_mage1,monster,vampire,,mage,
vortex_chaos,monster,vortex,,,
vortex_cold,monster,vortex,,,
vortex_energy,monster,vortex,,,
vortex_ethereal,monster,vortex,,,
vortex_fire,monster,vortex,,,
vortex_plasma,monster,vortex,,,
vortex_purple,monster,vortex,,,purple
vortex_shimmering,monster,vortex,,,
vortex_time,monster,vortex,,,
vortex_water,monster,vortex,,,
war_elephant_brown,monster,war,,,brown
war_elephant_green,monster,war,,,green
war_elephant_grey,monster,war,,,grey
wolf,monster,wolf,,,
worm_blue,monster,worm,,,blue
worm_green,monster,worm,,,green
worm_grey,monster,worm,,,grey
worm_mass_blue,monster,worm,,,blue
worm_mass_green,monster,worm,,,green
worm_mass_grey,monster,worm,,,grey
worm_mass_pink_grey,monster,worm,,,pink_grey
worm_mass_red_pink,monster,worm,,,red_pink
worm_mass_teal,monster,worm,,,teal
worm_mass_yellow,monster,worm,,,yellow
worm_pink,monster,worm,,,pink
worm_purple,monster,worm,,,purple
worm_red,monster,worm,,,red
worm_serpent_blue,monster,worm,,,blue
worm_serpent_green,monster,worm,,,green
worm_serpent_grey,monster,worm,,,grey
worm_serpent_pink_grey,monster,worm,,,pink_grey
worm_serpent_pink_red,monster,worm,,,pink_red
worm_serpent_rainbow,monster,worm,,,rainbow
worm_white,monster,worm,,,white
worm_yellow,monster,worm,,,yellow
wraith_blue,monster,wraith,,,blue
wraith_green,monster,wraith,,,green
wraith_grey,monster,wraith,,,grey
wraith_king,monster,wraith,,,
wraith_lord,monster,wraith,,,
wraith_orange,monster,wraith,,,orange
wraith_purple,monster,wraith,,,purple
wraith_red,monster,wraith,,,red
xorn4_armed,monster,xorn,,,
xorn4_armed_green,monster,xorn,,,green
xorn_blades,monster,xorn,,,
yeti_black,monster,yeti,,,black
yeti_blue,monster,yeti,,,blue
yeti_brown,monster,yeti,,,brown
yeti_green,monster,yeti,,,green
yeti_green_blue,monster,yeti,,,green_blue
yeti_grey_dark,monster,yeti,,,grey_dark
yeti_grey_light,monster,yeti,,,grey_light
yeti_orange,monster,yeti,,,orange
yeti_pink,monster,yeti,,,pink
yeti_pink_light,monster,yeti,,,pink_light
yeti_pink_light2,monster,yeti,,,pink_light
yeti_purple,monster,yeti,,,purple
yeti_red_dark,monster,yeti,,,red_dark
yeti_red_orange,monster,yeti,,,red_orange
yeti_white,monster,yeti,,,white
yeti_yellow_brown,monster,yeti,,,yellow_brown
zombie,monster,zombie,,,
zombie_blue,monster,zombie,,,blue
zombie_red,monster,zombie,,,red
